{
	"skybox": {
		"zone": 7031,
		"x": 30768.9609375,
		"y": -29801.142578125,
		"z": 30824.248046875,
		"w": -21062
	}
}